ID,SMILES,Barcodes
C01,O=Cc1ccc2cccnc2c1,CTCGTAGATGC
C02,O=Cc1ccc(F)cc1,GCCTGAATTGC
C03,COc1ccnc(C=O)c1,ATCTGAGCTGC
C04,O=Cc1ccc(O)cc1,CCGTAAGTTGC
C05,O=Cc1ccc2[nH]ccc2c1,TACTGACGTGC
C06,O=Cc1ccccc1O,GTGTAACCTGC
C07,CNc1nc(SC)ncc1C=O,AACCTGTGTGC
C08,O=Cc1cccc(O)c1,GGTTCACATGC
C09,O=Cc1cccc(C(F)(F)F)n1,CGAGCTATTGC
C10,Cn1cnc(C=O)c1,ACGGTTACTGC
C11,O=CCCc1ccccc1,CGCTGATATGC
C12,O=Cc1cc2ccoc2cn1,CTCGATAGTGC
C13,O=Cc1ccccc1,CAGGTTCATGC
C14,O=Cc1nc2ccccc2[nH]1,TCTACGAGTGC
C15,O=Cc1ncc2ccccn12,AGCGATCTTGC
C16,O=CC1CCOCC1,GCTCGATATGC
C17,O=Cc1ccc(Br)o1,CTTACGGATGC
C18,Cc1ccc(C=O)cn1,ATAGCTCGTGC
C19,O=Cc1ncccc1O,TGAATGCCTGC
C20,O=Cc1cc(Br)ccc1O,GATACGCTTGC
C21,O=CC1CCN(Cc2ccccc2)CC1,TTCAGGCATGC
C22,N#Cc1ccc(C=O)cn1,CCAATGTGTGC
C23,Cn1c(C=O)nc2ccccc21,CTATGCGATGC
C24,CCOc1cccc(C=O)c1,CACAGGTTTGC
C25,O=Cc1ncc[nH]1,CATTCAGGTGC
C26,O=Cc1ccc(N2CCCC2)cc1,CCGTGTAATGC
C27,N#Cc1ccc(C=O)cc1,GGACACTTTGC
C28,O=Cc1ccc(N2CCOCC2)cc1,ATCTAGCGTGC
C29,CC(=O)Nc1ccc(C=O)cc1,AAGTCCGTTGC
C30,Cc1cc(C=O)cc(C)c1O,GAATGCCTTGC
C31,O=Cc1cnc[nH]1,ACTTACGGTGC
C32,O=Cc1ccc(C(F)(F)F)cn1,CGCTAGATTGC
C33,O=Cc1ccc(Cl)cc1,AGATGCTCTGC
C34,O=Cc1ccco1,ACTTGGACTGC
C35,O=Cc1cccnc1,TCCGTAAGTGC
C36,O=Cc1cccc2c1OCO2,TCATGCAGTGC
C37,Cc1ccc(C=O)cc1,GGTTACACTGC
C38,O=Cc1cc(F)cc(F)c1,CTATCGAGTGC
C39,O=Cc1ccc(=O)[nH]c1,GTGTCCAATGC
C40,O=Cc1ccc2ccccc2n1,CAGGCATTTGC
C41,O=Cc1cccc2nccnc12,AGCGTATCTGC
C42,O=Cc1cnc2ccccc2n1,TATCAGCGTGC
C43,O=Cc1cc2c(cc1Br)OCO2,CCTGAATGTGC
C44,O=Cc1ccsc1,AAGTGTCCTGC
C45,O=Cc1n[nH]c2ccccc12,TTGGCACATGC
C46,O=CC1=CC=CC(=C1)N2CCN(C)CC2,GACGTACTTGC
C47,O=Cc1cccs1,TGTGAACCTGC
C48,O=Cc1nnc[nH]1,CATTGGCATGC
C49,CCc1ccc(C=O)o1,AGATCGCTTGC
C50,O=Cc1cccc2nc[nH]c12,ACACGGTTTGC
C51,Cc1cc(C=O)no1,AGTACGTCTGC
C52,O=Cc1ccc(CO)cc1,GAGCTATCTGC
C53,CC(C=O)c1ccccc1,TCGCATAGTGC
C54,Cn1ccc2cc(C=O)ccc21,TGTGCCAATGC
C55,O=Cc1csc(Br)n1,TTACGGACTGC
C56,CN(C)c1ccc(C=O)cc1,GGCATTCATGC
C57,CS(=O)(=O)c1ccc(C=O)cc1,GTCCGTAATGC
C58,Cn1ccc2ccc(C=O)cc21,TAAGTCCGTGC
C59,CS(=O)(=O)c1cccc(C=O)c1,GCTCAGATTGC
C60,O=Cc1ccc(Br)c(F)c1,CGGACTTATGC
C61,COCc1ccc(C=O)cc1,GGACTTACTGC
C62,O=CC=1C=CC=C2OCCOC21,ATAGTCGCTGC
C63,Cc1cc(C=O)cc(C)n1,GCGACTATTGC
C64,O=Cc1cnccn1,TTCACAGGTGC
C65,COc1cccc(C=O)c1,TATCGAGCTGC
C66,Cc1cc(F)ccc1C=O,CCTGTGAATGC
C67,O=Cc1ccc2c(c1)OCCO2,TGCCTGAATGC
C68,O=Cc1cn[nH]c1,TTACACGGTGC
C69,Cc1ccc(CC=O)cc1,AGGCATTCTGC
C70,O=CCc1ccccc1,GAGCATCTTGC
C71,O=Cc1cnc(N2CCOCC2)nc1,CTGCATGATGC
C72,COc1cncc(C=O)c1,AACCGTGTTGC
C73,CCCC=O,GGCACATTTGC
C74,CC(C)(C)C=O,ACACTTGGTGC
C75,O=CC1COC1,AATGTGCCTGC
C76,CN1CCC(C=O)CC1,TAGACTCGTGC
C77,CC(C)CC=O,GTAAGTCCTGC
C78,O=Cc1[nH]c(-c2ccccc2)nc1Cl,GATAGCTCTGC
C79,CCC(C=O)CC,ACGGACTTTGC
C80,Cc1ncc(C=O)[nH]1,GCAGTCATTGC
C81,COc1cc(C=O)ccc1O,TTGGACACTGC
C82,Cc1ccccc1C=O,TAGATCGCTGC
C83,COc1ccc(Br)cc1C=O,GTAACCGTTGC
C84,O=Cc1ccoc1,TCTAGCGATGC
C85,COc1ccc(C=O)cc1,TGCCAATGTGC
C86,COc1cc(C=O)ccc1Cl,CGTCAGTATGC
C87,COC(=O)c1ccc(C=O)cc1,CGAGTCTATGC
C88,COC(=O)c1ccc(C=O)cc1F,TGAACCTGTGC
C89,CC(=O)Oc1ccc(C=O)cc1,CCAAGTGTTGC
C90,COc1ccc(-c2ccc(C=O)o2)cc1,ATTCAGGCTGC
C91,O=Cc1ccc(-c2ccc(Cl)cc2)o1,AATGCCTGTGC
C92,O=Cc1ccc(N2CCCC2)c([N+](=O)[O-])c1,GCGATCTATGC
C93,Cc1ccc(C=O)cc1[N+](=O)[O-],ATGACTGCTGC
C94,O=Cc1cscn1,CACATTGGTGC
C95,O=Cc1cc(Cl)cc(Cl)c1,TCGCTAGATGC
C96,O=Cc1ccc(Cl)cc1O,GTCCAAGTTGC
