ID,SMILES,Barcode
A01,C(OC(=O)N1[C@H](CC(O)=O)CCC1)C2C=3C(C=4C2=CC=CC4)=CC=CC3,CTCGTAGAACG
A02,O=C(O)C(NC(=O)OCC1C=2C=CC=CC2C=3C=CC=CC31)CC=4N=CN(C4)C,GCCTGAATACG
A03,C(OC(N[C@@H](CC1=CC=C(I)C=C1)C(O)=O)=O)C2C=3C(C=4C2=CC=CC4)=CC=CC3,ATCTGAGCACG
A04,C(OC(N[C@@H](CCC1=CC=C(OC(C)(C)C)C=C1)C(O)=O)=O)C2C=3C(C=4C2=CC=CC4)=CC=CC3,CCGTAAGTACG
A05,C(OC(N[C@@H](CC1=CC(OC)=CC=C1)C(O)=O)=O)C2C=3C(C=4C2=CC=CC4)=CC=CC3,TACTGACGACG
A06,C(OC(N[C@H](CC1CCC1)C(O)=O)=O)C2C=3C(C=4C2=CC=CC4)=CC=CC3,GTGTAACCACG
A07,C(OC(N[C@@H](CC1=CC=C(C#N)C=C1)C(O)=O)=O)C2C=3C(C=4C2=CC=CC4)=CC=CC3,AACCTGTGACG
A08,C(OC(N[C@@H](CC1=CC=CS1)C(O)=O)=O)C2C=3C(C=4C2=CC=CC4)=CC=CC3,GGTTCACAACG
A09,C(OC(N[C@@H](CC1=CC=CC=C1)CC(O)=O)=O)C2C=3C(C=4C2=CC=CC4)=CC=CC3,CGAGCTATACG
A10,C(OC(N[C@@H](CC=1C=CSC1)C(O)=O)=O)C2C=3C(C=4C2=CC=CC4)=CC=CC3,ACGGTTACACG
A11,C(OC(N[C@@H](CCC)C(O)=O)=O)C1C=2C(C=3C1=CC=CC3)=CC=CC2,CGCTGATAACG
A12,C(OC(N[C@@H](CC=1C=CN=CC1)C(O)=O)=O)C2C=3C(C=4C2=CC=CC4)=CC=CC3,CTCGATAGACG
A13,C(OC(N[C@@H](CC=1C=2C(SC1)=CC=CC2)C(O)=O)=O)C3C=4C(C=5C3=CC=CC5)=CC=CC4,CAGGTTCAACG
A14,C(OC(N[C@@H](CC1=CC=CC=N1)C(O)=O)=O)C2C=3C(C=4C2=CC=CC4)=CC=CC3,TCTACGAGACG
A15,C(OC(N[C@@H](CC1=CC(C(N)=O)=CC=C1)C(O)=O)=O)C2C=3C(C=4C2=CC=CC4)=CC=CC3,AGCGATCTACG
A16,C(OC(=O)N1[C@@H](C(O)=O)CCC1)C2C=3C(C=4C2=CC=CC4)=CC=CC3,GCTCGATAACG
A17,C(OC(N[C@@H](CC1=CC=C(F)C=C1)C(O)=O)=O)C2C=3C(C=4C2=CC=CC4)=CC=CC3,CTTACGGAACG
A18,C(OC(N[C@@H](CC1=CC(Cl)=C(Cl)C=C1)C(O)=O)=O)C2C=3C(C=4C2=CC=CC4)=CC=CC3,ATAGCTCGACG
A19,C(OC(N[C@@H](CCCCC(C)(C)C)C(O)=O)=O)C1C=2C(C=3C1=CC=CC3)=CC=CC2,TGAATGCCACG
A20,C(OC(N[C@@H](CC1=CC=C(OCC)C=C1)C(O)=O)=O)C2C=3C(C=4C2=CC=CC4)=CC=CC3,GATACGCTACG
A21,C(OC(N[C@@H](CC1=C(Cl)C=CC=C1)C(O)=O)=O)C2C=3C(C=4C2=CC=CC4)=CC=CC3,TTCAGGCAACG
A22,C(OC(N[C@@H](CCC1=CC=CC=C1)C(O)=O)=O)C2C=3C(C=4C2=CC=CC4)=CC=CC3,CCAATGTGACG
A23,C(OC(N[C@@H](CCCCC1CCCC1)C(O)=O)=O)C2C=3C(C=4C2=CC=CC4)=CC=CC3,CTATGCGAACG
A24,C(OC(N[C@H](C(O)=O)CC)=O)C1C=2C(C=3C1=CC=CC3)=CC=CC2,CACAGGTTACG
A25,C(OC(N[C@@H](CC1=CC=C(OCC=C)C=C1)C(O)=O)=O)C2C=3C(C=4C2=CC=CC4)=CC=CC3,CATTCAGGACG
A26,O=C(OCC1C=2C=CC=CC2C=3C=CC=CC31)NC(C(=O)O)COC,CCGTGTAAACG
A27,C(OC(N[C@@H](CC1=C(F)C=CC=C1)C(O)=O)=O)C2C=3C(C=4C2=CC=CC4)=CC=CC3,GGACACTTACG
A28,C(OC(N[C@@H](CCCCC1=CC=CC=C1)C(O)=O)=O)C2C=3C(C=4C2=CC=CC4)=CC=CC3,ATCTAGCGACG
A29,C(OC(N[C@@H](CC1=CC=C(OC)C=C1)C(O)=O)=O)C2C=3C(C=4C2=CC=CC4)=CC=CC3,AAGTCCGTACG
A30,O=C(OCC1C=2C=CC=CC2C=3C=CC=CC31)NC(C(=O)O)CC4=CN(C=5C=CC=CC54)C,GAATGCCTACG
A31,C(OC(N[C@@H](CC(C)(C)C)C(O)=O)=O)C1C=2C(C=3C1=CC=CC3)=CC=CC2,ACTTACGGACG
A32,C(OC(N[C@@H](CCCNC(N)=O)C(O)=O)=O)C1C=2C(C=3C1=CC=CC3)=CC=CC2,CGCTAGATACG
A33,O=C(OCC1C=2C=CC=CC2C=3C=CC=CC31)NC(C(=O)O)CCCCC=C,AGATGCTCACG
A34,C(OC(N[C@@H](C(O)=O)C)=O)C1C=2C(C=3C1=CC=CC3)=CC=CC2,ACTTGGACACG
A35,O=C(OCC1C=2C=CC=CC2C=3C=CC=CC31)NCCC(=O)O,TCCGTAAGACG
A36,O=C(OCC1C=2C=CC=CC2C=3C=CC=CC31)NC(C(=O)O)CCC(=O)OC,TCATGCAGACG
A37,O=C(OCC1C=2C=CC=CC2C=3C=CC=CC31)NC(C(=O)O)C(OC)C,GGTTACACACG
A38,C(OC(N[C@H](CC(N)=O)C(O)=O)=O)C1C=2C(C=3C1=CC=CC3)=CC=CC2,CTATCGAGACG
A39,C(OC(N[C@H]([C@@H](CC)C)C(O)=O)=O)C1C=2C(C=3C1=CC=CC3)=CC=CC2,GTGTCCAAACG
A40,C(OC(N[C@@H](CCCCNC(C)=O)C(O)=O)=O)C1C=2C(C=3C1=CC=CC3)=CC=CC2,CAGGCATTACG
A41,C(OC(N[C@@H](CCCC1=CC=CC=C1)C(O)=O)=O)C2C=3C(C=4C2=CC=CC4)=CC=CC3,AGCGTATCACG
A42,C(OC(=O)N1[C@H](C(O)=O)CC=2C(C1)=CC=CC2)C3C=4C(C=5C3=CC=CC5)=CC=CC4,TATCAGCGACG
A43,C(OC(N[C@@H](CC=1C=C2C(=CC1)OC(C)(C)O2)C(O)=O)=O)C3C=4C(C=5C3=CC=CC5)=CC=CC4,CCTGAATGACG
A44,O=C(OCC1C=2C=CC=CC2C=3C=CC=CC31)NCC(=O)O,AAGTGTCCACG
A45,C(OC(=O)N1[C@H](C(O)=O)CCC1)C2C=3C(C=4C2=CC=CC4)=CC=CC3,TTGGCACAACG
A46,C(OC(N[C@@H](C(C)C)C(O)=O)=O)C1C=2C(C=3C1=CC=CC3)=CC=CC2,GACGTACTACG
A47,C(OC(N[C@H](CCC(N)=O)C(O)=O)=O)C1C=2C(C=3C1=CC=CC3)=CC=CC2,TGTGAACCACG
A48,C(OC(N[C@@H](CC(C)C)C(O)=O)=O)C1C=2C(C=3C1=CC=CC3)=CC=CC2,CATTGGCAACG
A49,C(OC(N[C@H](C(O)=O)C)=O)C1C=2C(C=3C1=CC=CC3)=CC=CC2,AGATCGCTACG
A50,C(OC(N[C@H](CC1=CC=CC=N1)C(O)=O)=O)C2C=3C(C=4C2=CC=CC4)=CC=CC3,ACACGGTTACG
A51,C(OC(N[C@H](CC1=CC=C(OCC)C=C1)C(O)=O)=O)C2C=3C(C=4C2=CC=CC4)=CC=CC3,AGTACGTCACG
A52,C(OC(N[C@@H](CC(N)=O)C(O)=O)=O)C1C=2C(C=3C1=CC=CC3)=CC=CC2,GAGCTATCACG
A53,C(OC(N[C@@H]([C@H](CC)C)C(O)=O)=O)C1C=2C(C=3C1=CC=CC3)=CC=CC2,TCGCATAGACG
A54,C(OC(N[C@@H](CC(OC)=O)C(O)=O)=O)C1C=2C(C=3C1=CC=CC3)=CC=CC2,TGTGCCAAACG
A55,C(OC(N[C@@H](CCSC)C(O)=O)=O)C1C=2C(C=3C1=CC=CC3)=CC=CC2,TTACGGACACG
A56,C(OC(N([C@@H](CC1=CC=CC=C1)C(O)=O)C)=O)C2C=3C(C=4C2=CC=CC4)=CC=CC3,GGCATTCAACG
A57,C(OC(N[C@@H](CC1=CC=CC=C1)C(O)=O)=O)C2C=3C(C=4C2=CC=CC4)=CC=CC3,GTCCGTAAACG
A58,C(OC(N[C@@H]([C@](C)(C)C)C(O)=O)=O)C1C=2C(C=3C1=CC=CC3)=CC=CC2,TAAGTCCGACG
A59,C(OC(N[C@H](CC1=CC=CC=C1)C(O)=O)=O)C2C=3C(C=4C2=CC=CC4)=CC=CC3,GCTCAGATACG
A60,C(OC(N[C@@H](CC1=CC=C(Br)C=C1)C(O)=O)=O)C2C=3C(C=4C2=CC=CC4)=CC=CC3,CGGACTTAACG
A61,O=C(O)CN(C(=O)OCC1C=2C=CC=CC2C=3C=CC=CC31)C,GGACTTACACG
A62,C(OC(N[C@H](C(O)=O)[C@@H]1CCCCC1)=O)C2C=3C(C=4C2=CC=CC4)=CC=CC3,ATAGTCGCACG
A63,C(OC(N[C@@H](CC1CCCCC1)C(O)=O)=O)C2C=3C(C=4C2=CC=CC4)=CC=CC3,GCGACTATACG
A64,C(OC(N[C@@H](CCCN=C(NC)NC)C(O)=O)=O)C1C=2C(C=3C1=CC=CC3)=CC=CC2.Cl,TTCACAGGACG
A65,C(OC(N[C@@H](CC1=CC(F)=CC=C1)C(O)=O)=O)C2C=3C(C=4C2=CC=CC4)=CC=CC3,TATCGAGCACG
A66,C(OC(N[C@@H](CC1=CC2=C(C=C1)C=CC=C2)C(O)=O)=O)C3C=4C(C=5C3=CC=CC5)=CC=CC4,CCTGTGAAACG
A67,O=C(O)CN1C(=O)CN(C(=O)OCC2C=3C=CC=CC3C=4C=CC=CC42)C=5C=CC=CC51,TGCCTGAAACG
A68,C(OC(N[C@@H](CCCCN(C)C)C(O)=O)=O)C1C=2C(C=3C1=CC=CC3)=CC=CC2.Cl,TTACACGGACG
A69,C(OC(N[C@@H](CCCCN(CC)CC)C(O)=O)=O)C1C=2C(C=3C1=CC=CC3)=CC=CC2,AGGCATTCACG
A70,C(OC(N[C@H](C(O)=O)C1=CC=CC=C1)=O)C2C=3C(C=4C2=CC=CC4)=CC=CC3,GAGCATCTACG
A71,C(OC(N[C@@H](CC1=CC=CO1)C(O)=O)=O)C2C=3C(C=4C2=CC=CC4)=CC=CC3,CTGCATGAACG
A72,O=C(OCC1C=2C=CC=CC2C=3C=CC=CC31)NC(C(=O)O)(C)C,AACCGTGTACG
A73,C(OC(N[C@H](C(O)=O)C1CC1)=O)C2C=3C(C=4C2=CC=CC4)=CC=CC3,GGCACATTACG
A74,C(OC(N[C@@H](CC=1C=CC=NC1)C(O)=O)=O)C2C=3C(C=4C2=CC=CC4)=CC=CC3,ACACTTGGACG
A75,C(OC(N[C@@H](CC1=CC(OC)=C(OC)C=C1)C(O)=O)=O)C2C=3C(C=4C2=CC=CC4)=CC=CC3,AATGTGCCACG
A76,O=C(OCC1C=2C=CC=CC2C=3C=CC=CC31)NC(C(=O)O)CC4CC4,TAGACTCGACG
A77,C(OC(=O)N1C[C@@H](C(O)=O)CCC1)C2C=3C(C=4C2=CC=CC4)=CC=CC3,GTAAGTCCACG
A78,C(OC(=O)N1[C@H](C(O)=O)CC1)C2C=3C(C=4C2=CC=CC4)=CC=CC3,GATAGCTCACG
A79,C(OC(N[C@@H](CC1=C(C)C=CC=C1)C(O)=O)=O)C2C=3C(C=4C2=CC=CC4)=CC=CC3,ACGGACTTACG
A80,C(OC(=O)N1[C@H](C(O)=O)[C@H](CC1)C2=CC=CC=C2)C3C=4C(C=5C3=CC=CC5)=CC=CC4,GCAGTCATACG
A81,C(OC(N[C@@H](CC=1C=C(Cl)N=CC1)C(O)=O)=O)C2C=3C(C=4C2=CC=CC4)=CC=CC3,TTGGACACACG
A82,C(OC(N[C@@H](CC1=CC=C(C(F)(F)F)C=C1)C(O)=O)=O)C2C=3C(C=4C2=CC=CC4)=CC=CC3,TAGATCGCACG
A83,C(OC(N[C@@H](CCCCNC(=O)C=1C=CC=NC1)C(O)=O)=O)C2C=3C(C=4C2=CC=CC4)=CC=CC3,GTAACCGTACG
A84,C(OC(N[C@@H](CC1=CSC=N1)C(O)=O)=O)C2C=3C(C=4C2=CC=CC4)=CC=CC3,TCTAGCGAACG
A85,C(OC(N[C@@H](CC1=CN(CC2=CC=CC=C2)C=N1)C(O)=O)=O)C3C=4C(C=5C3=CC=CC5)=CC=CC4,TGCCAATGACG
A86,C(OC(=O)N1[C@H](C(O)=O)C[C@H](C1)C2=CC=CC=C2)C3C=4C(C=5C3=CC=CC5)=CC=CC4,CGTCAGTAACG
A87,C(OC(N[C@H](C(O)=O)[C@H]1CCCC1)=O)C2C=3C(C=4C2=CC=CC4)=CC=CC3,CGAGTCTAACG
A88,O=C(O)C1CCN(C(=O)OCC2C=3C=CC=CC3C=4C=CC=CC42)CC1,TGAACCTGACG
A89,C(OC(N[C@@H](CCCC)C(O)=O)=O)C1C=2C(C=3C1=CC=CC3)=CC=CC2,CCAAGTGTACG
A90,O=C(OCC1C=2C=CC=CC2C=3C=CC=CC31)N4CCC(N5CCCC5C(=O)O)CC4,ATTCAGGCACG
A91,O=C(O)C=1C=CC=C(C1)NC(=O)OCC2C=3C=CC=CC3C=4C=CC=CC42,AATGCCTGACG
A92,O=C(O)C=1C=CC=CC1NC(=O)OCC2C=3C=CC=CC3C=4C=CC=CC42,GCGATCTAACG
A93,C(OC(N[C@H](C(OCC=C)=O)CCC(O)=O)=O)C1C=2C(C=3C1=CC=CC3)=CC=CC2,ATGACTGCACG
A94,O=C(O)C1=CC=CC(=C1)CNC(=O)OCC2C=3C=CC=CC3C=4C=CC=CC42,CACATTGGACG
A95,C(OC(N[C@@H](CCC(N)=O)C(O)=O)=O)C1C=2C(C=3C1=CC=CC3)=CC=CC2,TCGCTAGAACG
A96,C(OC(=O)N1[C@H](C(O)=O)C[C@@H](OC(C)(C)C)C1)C2C=3C(C=4C2=CC=CC4)=CC=CC3,GTCCAAGTACG
